revision	node_id	test_source_sha256	fixture_request_response	assertion_traceback	result
d2ed5c4c73dc3b7d56276fc37591cba8a4ae123c	tests/docs/test_component_coverage.py::test_visible_component_novelty_follows_exact_constraints_before_public_queries[projection_clip]	19e22aaf709e10b744f02dfa45d41e1009190680005de71b855351e51a58cb22	raw/main-core-attempt2.log (--showlocals; full observed subset separately)	raw/main-core-attempt2.log	FAIL
d2ed5c4c73dc3b7d56276fc37591cba8a4ae123c	tests/docs/test_context_projection_boundaries.py::test_frozen_request_flow_prefers_project_context_module_witnesses	d8c8327cbd75d7bd5b1e0f40ba2ec1fd2f74e9e699705d419a2596eb311361b2	raw/main-core-attempt2.log (--showlocals; full observed subset separately)	raw/main-core-attempt2.log	FAIL
d2ed5c4c73dc3b7d56276fc37591cba8a4ae123c	tests/docs/test_direct_docatlas_questions_15.py::test_direct_docatlas_questions_15_visible_context_covers_all_required_facts	3e21612d89cf7bb36e51dc7bfdfdb02350e078e33e1f752e6f1fe4b245b185e6	raw/main-core-attempt2.log (--showlocals; full observed subset separately)	raw/main-core-attempt2.log	FAIL
d2ed5c4c73dc3b7d56276fc37591cba8a4ae123c	tests/docs/test_generic_context_workflows.py::test_stale_health_live_status_sync_and_removal	d48cedef64d876ea3742255852f4a9b6b580b9aba557c52f0eadff1938836701	raw/main-core-attempt2.log (--showlocals; full observed subset separately)	raw/main-core-attempt2.log	FAIL
d2ed5c4c73dc3b7d56276fc37591cba8a4ae123c	tests/docs/test_generic_context_workflows.py::test_first_session_live_query	d48cedef64d876ea3742255852f4a9b6b580b9aba557c52f0eadff1938836701	raw/main-core-attempt2.log (--showlocals; full observed subset separately)	raw/main-core-attempt2.log	FAIL
d2ed5c4c73dc3b7d56276fc37591cba8a4ae123c	tests/docs/test_generic_context_workflows.py::test_contributor_live_reading_and_tests	d48cedef64d876ea3742255852f4a9b6b580b9aba557c52f0eadff1938836701	raw/main-core-attempt2.log (--showlocals; full observed subset separately)	raw/main-core-attempt2.log	FAIL
d2ed5c4c73dc3b7d56276fc37591cba8a4ae123c	tests/docs/test_generic_context_workflows.py::test_remaining_live_workflow_witnesses[v2-natural-evidence-selection]	d48cedef64d876ea3742255852f4a9b6b580b9aba557c52f0eadff1938836701	raw/main-core-attempt2.log (--showlocals; full observed subset separately)	raw/main-core-attempt2.log	FAIL
d2ed5c4c73dc3b7d56276fc37591cba8a4ae123c	tests/docs/test_generic_context_workflows.py::test_remaining_live_workflow_witnesses[v2-natural-offline]	d48cedef64d876ea3742255852f4a9b6b580b9aba557c52f0eadff1938836701	raw/main-core-attempt2.log (--showlocals; full observed subset separately)	raw/main-core-attempt2.log	FAIL
d2ed5c4c73dc3b7d56276fc37591cba8a4ae123c	tests/docs/test_generic_context_workflows.py::test_remaining_live_workflow_witnesses[v2-paraphrase-local-trial]	d48cedef64d876ea3742255852f4a9b6b580b9aba557c52f0eadff1938836701	raw/main-core-attempt2.log (--showlocals; full observed subset separately)	raw/main-core-attempt2.log	FAIL
d2ed5c4c73dc3b7d56276fc37591cba8a4ae123c	tests/docs/test_generic_context_workflows.py::test_catalog_live_invalid_behavior	d48cedef64d876ea3742255852f4a9b6b580b9aba557c52f0eadff1938836701	raw/main-core-attempt2.log (--showlocals; full observed subset separately)	raw/main-core-attempt2.log	FAIL
d2ed5c4c73dc3b7d56276fc37591cba8a4ae123c	tests/docs/test_project_answer_contract_v3.py::test_v3_does_not_reclassify_frozen_v2_config_questions	146064d2d93ef60042702dc76e9ade0c8ec2ae38ab01dbfa7a27d75022821d6b	raw/main-core-attempt2.log (--showlocals; full observed subset separately)	raw/main-core-attempt2.log	FAIL
d2ed5c4c73dc3b7d56276fc37591cba8a4ae123c	tests/docs/test_question_plan_v4.py::test_question_plan_splits_compound_questions_into_mandatory_facets	85a0de4b9bb158bbc755272ae3dee387dd77c83f46c97c8a2895eabb26a3adf3	raw/main-core-attempt2.log (--showlocals; full observed subset separately)	raw/main-core-attempt2.log	FAIL
d2ed5c4c73dc3b7d56276fc37591cba8a4ae123c	tests/docs/test_request_flow_lineage.py::test_request_flow_public_contract_remains_four_fact_fail_safe	264cfe3368ae29703e5f340fe49bdd0fdfd29843c7c0323c23575916afb42b69	raw/main-core-attempt2.log (--showlocals; full observed subset separately)	raw/main-core-attempt2.log	FAIL
d2ed5c4c73dc3b7d56276fc37591cba8a4ae123c	tests/docs/test_review_boundary_semantics.py::test_public_projection_prioritizes_public_queries_not_audited_alias_count[False-256-1]	1f3211d498bd9e864d229f27186c8bd8ec822e09a6b527f8c836ee9b0d07b31f	raw/main-core-attempt2.log (--showlocals; full observed subset separately)	raw/main-core-attempt2.log	FAIL
d2ed5c4c73dc3b7d56276fc37591cba8a4ae123c	tests/docs/test_review_boundary_semantics.py::test_public_projection_prioritizes_public_queries_not_audited_alias_count[False-256-2]	1f3211d498bd9e864d229f27186c8bd8ec822e09a6b527f8c836ee9b0d07b31f	raw/main-core-attempt2.log (--showlocals; full observed subset separately)	raw/main-core-attempt2.log	FAIL
d2ed5c4c73dc3b7d56276fc37591cba8a4ae123c	tests/docs/test_review_boundary_semantics.py::test_public_projection_prioritizes_public_queries_not_audited_alias_count[True-256-1]	1f3211d498bd9e864d229f27186c8bd8ec822e09a6b527f8c836ee9b0d07b31f	raw/main-core-attempt2.log (--showlocals; full observed subset separately)	raw/main-core-attempt2.log	FAIL
d2ed5c4c73dc3b7d56276fc37591cba8a4ae123c	tests/docs/test_review_boundary_semantics.py::test_public_projection_prioritizes_public_queries_not_audited_alias_count[True-256-2]	1f3211d498bd9e864d229f27186c8bd8ec822e09a6b527f8c836ee9b0d07b31f	raw/main-core-attempt2.log (--showlocals; full observed subset separately)	raw/main-core-attempt2.log	FAIL
d2ed5c4c73dc3b7d56276fc37591cba8a4ae123c	tests/evidence_quality_v2/test_readme_neutral_context.py::test_retrieved_safe_context_survives_unknown_question_class[What kind of interfaces does Pebble create, and how is it intended to compose them?-command line interfaces\nin a composable way]	bc27ba179a6a2592d0d1d221aed7144acc3dc0336b5bafa2036bb7d77a494035	raw/main-core-attempt2.log (--showlocals; full observed subset separately)	raw/main-core-attempt2.log	FAIL
d2ed5c4c73dc3b7d56276fc37591cba8a4ae123c	tests/evidence_quality_v2/test_readme_neutral_context.py::test_lookup_identical_to_original_is_not_a_new_requirement[What kind of interfaces does Pebble create, and how is it intended to compose them?-command line interfaces\nin a composable way]	bc27ba179a6a2592d0d1d221aed7144acc3dc0336b5bafa2036bb7d77a494035	raw/main-core-attempt2.log (--showlocals; full observed subset separately)	raw/main-core-attempt2.log	FAIL
d2ed5c4c73dc3b7d56276fc37591cba8a4ae123c	tests/test_docs_service_part02.py::test_query_project_docs_attributes_generic_retrieval_hints_without_covering_original	56144c556a7079b6c40af54838a9d14671606f399f0e3ef838495a83d4f9e286	raw/main-core-attempt2.log (--showlocals; full observed subset separately)	raw/main-core-attempt2.log	FAIL
d2ed5c4c73dc3b7d56276fc37591cba8a4ae123c	tests/test_docs_service_part03.py::test_project_query_does_not_return_non_project_docs_with_same_terms	df151af9ebcaf080c80b9aeb794d08e30b0be28eb82173897aa486578249d640	raw/main-core-attempt2.log (--showlocals; full observed subset separately)	raw/main-core-attempt2.log	FAIL
d2ed5c4c73dc3b7d56276fc37591cba8a4ae123c	tests/test_multilingual_retrieval_quality_protocol.py::test_protocol_lock_and_corpus_shape_are_validated	8fd763dbbad392d3bdc0c0cf131ae399d44780de7de9b4c88a64886d9c66c36a	raw/main-core-attempt2.log (--showlocals; full observed subset separately)	raw/main-core-attempt2.log	FAIL
d2ed5c4c73dc3b7d56276fc37591cba8a4ae123c	tests/test_multilingual_retrieval_quality_protocol.py::test_corpus_rejects_external_project_evidence	8fd763dbbad392d3bdc0c0cf131ae399d44780de7de9b4c88a64886d9c66c36a	raw/main-core-attempt2.log (--showlocals; full observed subset separately)	raw/main-core-attempt2.log	FAIL
d2ed5c4c73dc3b7d56276fc37591cba8a4ae123c	tests/test_multilingual_retrieval_quality_protocol.py::test_passing_candidate_must_beat_baseline_without_fallback	8fd763dbbad392d3bdc0c0cf131ae399d44780de7de9b4c88a64886d9c66c36a	raw/main-core-attempt2.log (--showlocals; full observed subset separately)	raw/main-core-attempt2.log	FAIL
d2ed5c4c73dc3b7d56276fc37591cba8a4ae123c	tests/test_multilingual_retrieval_quality_protocol.py::test_lexical_fallback_cannot_count_as_hybrid_success	8fd763dbbad392d3bdc0c0cf131ae399d44780de7de9b4c88a64886d9c66c36a	raw/main-core-attempt2.log (--showlocals; full observed subset separately)	raw/main-core-attempt2.log	FAIL
d2ed5c4c73dc3b7d56276fc37591cba8a4ae123c	tests/test_multilingual_retrieval_quality_protocol.py::test_wrong_project_evidence_fails_closed	8fd763dbbad392d3bdc0c0cf131ae399d44780de7de9b4c88a64886d9c66c36a	raw/main-core-attempt2.log (--showlocals; full observed subset separately)	raw/main-core-attempt2.log	FAIL
d2ed5c4c73dc3b7d56276fc37591cba8a4ae123c	tests/test_multilingual_retrieval_quality_protocol.py::test_missing_source_provenance_fails_gate	8fd763dbbad392d3bdc0c0cf131ae399d44780de7de9b4c88a64886d9c66c36a	raw/main-core-attempt2.log (--showlocals; full observed subset separately)	raw/main-core-attempt2.log	FAIL
d2ed5c4c73dc3b7d56276fc37591cba8a4ae123c	tests/test_multilingual_retrieval_quality_protocol.py::test_retrieved_sources_require_visible_provenance	8fd763dbbad392d3bdc0c0cf131ae399d44780de7de9b4c88a64886d9c66c36a	raw/main-core-attempt2.log (--showlocals; full observed subset separately)	raw/main-core-attempt2.log	FAIL
d2ed5c4c73dc3b7d56276fc37591cba8a4ae123c	tests/test_multilingual_retrieval_quality_protocol.py::test_absent_fact_retrieval_is_scored_separately_from_recall	8fd763dbbad392d3bdc0c0cf131ae399d44780de7de9b4c88a64886d9c66c36a	raw/main-core-attempt2.log (--showlocals; full observed subset separately)	raw/main-core-attempt2.log	FAIL
d2ed5c4c73dc3b7d56276fc37591cba8a4ae123c	tests/test_multilingual_retrieval_quality_protocol.py::test_missing_ru_dense_contribution_fails_gate	8fd763dbbad392d3bdc0c0cf131ae399d44780de7de9b4c88a64886d9c66c36a	raw/main-core-attempt2.log (--showlocals; full observed subset separately)	raw/main-core-attempt2.log	FAIL
d2ed5c4c73dc3b7d56276fc37591cba8a4ae123c	tests/test_multilingual_retrieval_quality_protocol.py::test_every_retrieved_span_requires_visible_provenance	8fd763dbbad392d3bdc0c0cf131ae399d44780de7de9b4c88a64886d9c66c36a	raw/main-core-attempt2.log (--showlocals; full observed subset separately)	raw/main-core-attempt2.log	FAIL
d2ed5c4c73dc3b7d56276fc37591cba8a4ae123c	tests/test_multilingual_retrieval_quality_protocol.py::test_frozen_corpus_binds_all_files_and_source_spans	8fd763dbbad392d3bdc0c0cf131ae399d44780de7de9b4c88a64886d9c66c36a	raw/main-core-attempt2.log (--showlocals; full observed subset separately)	raw/main-core-attempt2.log	FAIL
d2ed5c4c73dc3b7d56276fc37591cba8a4ae123c	tests/test_multilingual_retrieval_quality_protocol.py::test_matrix_documents_have_unique_identity_for_spans_from_the_same_path	8fd763dbbad392d3bdc0c0cf131ae399d44780de7de9b4c88a64886d9c66c36a	raw/main-core-attempt2.log (--showlocals; full observed subset separately)	raw/main-core-attempt2.log	FAIL
d2ed5c4c73dc3b7d56276fc37591cba8a4ae123c	tests/test_multilingual_retrieval_quality_protocol.py::test_matrix_executes_locked_systems_without_changing_default	8fd763dbbad392d3bdc0c0cf131ae399d44780de7de9b4c88a64886d9c66c36a	raw/main-core-attempt2.log (--showlocals; full observed subset separately)	raw/main-core-attempt2.log	FAIL
d2ed5c4c73dc3b7d56276fc37591cba8a4ae123c	tests/test_multilingual_retrieval_quality_protocol.py::test_protocol_freezes_supported_multilingual_mpnet_model	8fd763dbbad392d3bdc0c0cf131ae399d44780de7de9b4c88a64886d9c66c36a	raw/main-core-attempt2.log (--showlocals; full observed subset separately)	raw/main-core-attempt2.log	FAIL
d2ed5c4c73dc3b7d56276fc37591cba8a4ae123c	tests/test_project_context_quality_v2_protocol.py::test_v2_inventory_lock_witnesses_and_report_only_lanes	a67a78c83e4c86cc75e779a2504d51450ab848ff2ad7445e4eba4289d2ee41e1	raw/main-core-attempt2.log (--showlocals; full observed subset separately)	raw/main-core-attempt2.log	FAIL
462c769210cdd46c50b035d151d8b7f9d6450391	tests/docs/test_component_coverage.py::test_visible_component_novelty_follows_exact_constraints_before_public_queries[projection_clip]	19e22aaf709e10b744f02dfa45d41e1009190680005de71b855351e51a58cb22	raw/stack-core.log (--showlocals; full observed subset separately)	raw/stack-core.log	FAIL
462c769210cdd46c50b035d151d8b7f9d6450391	tests/docs/test_context_projection_boundaries.py::test_frozen_request_flow_prefers_project_context_module_witnesses	d8c8327cbd75d7bd5b1e0f40ba2ec1fd2f74e9e699705d419a2596eb311361b2	raw/stack-core.log (--showlocals; full observed subset separately)	raw/stack-core.log	FAIL
462c769210cdd46c50b035d151d8b7f9d6450391	tests/docs/test_direct_docatlas_questions_15.py::test_direct_docatlas_questions_15_visible_context_covers_all_required_facts	3e21612d89cf7bb36e51dc7bfdfdb02350e078e33e1f752e6f1fe4b245b185e6	raw/stack-core.log (--showlocals; full observed subset separately)	raw/stack-core.log	FAIL
462c769210cdd46c50b035d151d8b7f9d6450391	tests/docs/test_generic_context_workflows.py::test_stale_health_live_status_sync_and_removal	d48cedef64d876ea3742255852f4a9b6b580b9aba557c52f0eadff1938836701	raw/stack-core.log (--showlocals; full observed subset separately)	raw/stack-core.log	FAIL
462c769210cdd46c50b035d151d8b7f9d6450391	tests/docs/test_generic_context_workflows.py::test_first_session_live_query	d48cedef64d876ea3742255852f4a9b6b580b9aba557c52f0eadff1938836701	raw/stack-core.log (--showlocals; full observed subset separately)	raw/stack-core.log	FAIL
462c769210cdd46c50b035d151d8b7f9d6450391	tests/docs/test_generic_context_workflows.py::test_contributor_live_reading_and_tests	d48cedef64d876ea3742255852f4a9b6b580b9aba557c52f0eadff1938836701	raw/stack-core.log (--showlocals; full observed subset separately)	raw/stack-core.log	FAIL
462c769210cdd46c50b035d151d8b7f9d6450391	tests/docs/test_generic_context_workflows.py::test_remaining_live_workflow_witnesses[v2-natural-evidence-selection]	d48cedef64d876ea3742255852f4a9b6b580b9aba557c52f0eadff1938836701	raw/stack-core.log (--showlocals; full observed subset separately)	raw/stack-core.log	FAIL
462c769210cdd46c50b035d151d8b7f9d6450391	tests/docs/test_generic_context_workflows.py::test_remaining_live_workflow_witnesses[v2-natural-offline]	d48cedef64d876ea3742255852f4a9b6b580b9aba557c52f0eadff1938836701	raw/stack-core.log (--showlocals; full observed subset separately)	raw/stack-core.log	FAIL
462c769210cdd46c50b035d151d8b7f9d6450391	tests/docs/test_generic_context_workflows.py::test_remaining_live_workflow_witnesses[v2-paraphrase-local-trial]	d48cedef64d876ea3742255852f4a9b6b580b9aba557c52f0eadff1938836701	raw/stack-core.log (--showlocals; full observed subset separately)	raw/stack-core.log	FAIL
462c769210cdd46c50b035d151d8b7f9d6450391	tests/docs/test_generic_context_workflows.py::test_catalog_live_invalid_behavior	d48cedef64d876ea3742255852f4a9b6b580b9aba557c52f0eadff1938836701	raw/stack-core.log (--showlocals; full observed subset separately)	raw/stack-core.log	FAIL
462c769210cdd46c50b035d151d8b7f9d6450391	tests/docs/test_project_answer_contract_v3.py::test_v3_does_not_reclassify_frozen_v2_config_questions	146064d2d93ef60042702dc76e9ade0c8ec2ae38ab01dbfa7a27d75022821d6b	raw/stack-core.log (--showlocals; full observed subset separately)	raw/stack-core.log	FAIL
462c769210cdd46c50b035d151d8b7f9d6450391	tests/docs/test_question_plan_v4.py::test_question_plan_splits_compound_questions_into_mandatory_facets	85a0de4b9bb158bbc755272ae3dee387dd77c83f46c97c8a2895eabb26a3adf3	raw/stack-core.log (--showlocals; full observed subset separately)	raw/stack-core.log	FAIL
462c769210cdd46c50b035d151d8b7f9d6450391	tests/docs/test_request_flow_lineage.py::test_request_flow_public_contract_remains_four_fact_fail_safe	264cfe3368ae29703e5f340fe49bdd0fdfd29843c7c0323c23575916afb42b69	raw/stack-core.log (--showlocals; full observed subset separately)	raw/stack-core.log	FAIL
462c769210cdd46c50b035d151d8b7f9d6450391	tests/docs/test_review_boundary_semantics.py::test_public_projection_prioritizes_public_queries_not_audited_alias_count[False-256-1]	1f3211d498bd9e864d229f27186c8bd8ec822e09a6b527f8c836ee9b0d07b31f	raw/stack-core.log (--showlocals; full observed subset separately)	raw/stack-core.log	FAIL
462c769210cdd46c50b035d151d8b7f9d6450391	tests/docs/test_review_boundary_semantics.py::test_public_projection_prioritizes_public_queries_not_audited_alias_count[False-256-2]	1f3211d498bd9e864d229f27186c8bd8ec822e09a6b527f8c836ee9b0d07b31f	raw/stack-core.log (--showlocals; full observed subset separately)	raw/stack-core.log	FAIL
462c769210cdd46c50b035d151d8b7f9d6450391	tests/docs/test_review_boundary_semantics.py::test_public_projection_prioritizes_public_queries_not_audited_alias_count[True-256-1]	1f3211d498bd9e864d229f27186c8bd8ec822e09a6b527f8c836ee9b0d07b31f	raw/stack-core.log (--showlocals; full observed subset separately)	raw/stack-core.log	FAIL
462c769210cdd46c50b035d151d8b7f9d6450391	tests/docs/test_review_boundary_semantics.py::test_public_projection_prioritizes_public_queries_not_audited_alias_count[True-256-2]	1f3211d498bd9e864d229f27186c8bd8ec822e09a6b527f8c836ee9b0d07b31f	raw/stack-core.log (--showlocals; full observed subset separately)	raw/stack-core.log	FAIL
462c769210cdd46c50b035d151d8b7f9d6450391	tests/evidence_quality_v2/test_readme_neutral_context.py::test_retrieved_safe_context_survives_unknown_question_class[What kind of interfaces does Pebble create, and how is it intended to compose them?-command line interfaces\nin a composable way]	bc27ba179a6a2592d0d1d221aed7144acc3dc0336b5bafa2036bb7d77a494035	raw/stack-core.log (--showlocals; full observed subset separately)	raw/stack-core.log	FAIL
462c769210cdd46c50b035d151d8b7f9d6450391	tests/evidence_quality_v2/test_readme_neutral_context.py::test_lookup_identical_to_original_is_not_a_new_requirement[What kind of interfaces does Pebble create, and how is it intended to compose them?-command line interfaces\nin a composable way]	bc27ba179a6a2592d0d1d221aed7144acc3dc0336b5bafa2036bb7d77a494035	raw/stack-core.log (--showlocals; full observed subset separately)	raw/stack-core.log	FAIL
462c769210cdd46c50b035d151d8b7f9d6450391	tests/test_docs_service_part02.py::test_query_project_docs_attributes_generic_retrieval_hints_without_covering_original	56144c556a7079b6c40af54838a9d14671606f399f0e3ef838495a83d4f9e286	raw/stack-core.log (--showlocals; full observed subset separately)	raw/stack-core.log	FAIL
462c769210cdd46c50b035d151d8b7f9d6450391	tests/test_docs_service_part03.py::test_project_query_does_not_return_non_project_docs_with_same_terms	df151af9ebcaf080c80b9aeb794d08e30b0be28eb82173897aa486578249d640	raw/stack-core.log (--showlocals; full observed subset separately)	raw/stack-core.log	FAIL
462c769210cdd46c50b035d151d8b7f9d6450391	tests/test_project_context_quality_v2_protocol.py::test_v2_inventory_lock_witnesses_and_report_only_lanes	a67a78c83e4c86cc75e779a2504d51450ab848ff2ad7445e4eba4289d2ee41e1	raw/stack-core.log (--showlocals; full observed subset separately)	raw/stack-core.log	FAIL
